ID,Date,DateStamp,Total,Type
1,2019-09-19,2019-09-19 14:33:40.827,13584,0
2,2019-09-20,2019-09-20 05:10:10.790,22857,0
3,2019-09-23,2019-09-23 21:56:57.130,1,0
4,2019-09-23,2019-09-23 22:01:49.223,1,0
5,2019-09-23,2019-09-23 22:05:39.740,1,0
6,2019-09-23,2019-09-23 22:11:30.107,3,0
7,2019-09-23,2019-09-23 22:23:26.840,3,0
8,2019-09-23,2019-09-23 22:24:28.220,0,0
9,2019-09-23,2019-09-23 22:25:33.780,2,0
10,2019-09-24,2019-09-24 05:27:58.620,67805,0
11,2019-09-24,2019-09-24 15:09:16.897,2,1
12,2019-09-24,2019-09-24 15:59:42.610,0,1
13,2019-09-24,2019-09-24 16:33:03.633,2,1
14,2019-09-28,2019-09-28 14:28:49.377,137264,1
15,2019-09-30,2019-09-30 14:45:50.490,28393,1
16,2019-10-01,2019-10-01 01:07:32.993,10968,1
17,2019-10-03,2019-10-03 08:19:35.093,135219,1
18,2019-10-04,2019-10-04 23:17:14.163,25798,1
19,2019-10-06,2019-10-06 03:57:09.233,12601,1
20,2019-10-06,2019-10-06 04:10:50.930,88,1
21,2019-10-06,2019-10-06 05:12:43.850,127,1
22,2019-10-06,2019-10-06 07:01:11.680,655,1
23,2019-10-06,2019-10-06 09:02:15.367,2176,1
24,2019-10-06,2019-10-06 13:55:13.757,8445,1
25,2019-10-06,2019-10-06 16:09:12.110,12062,1
26,2019-10-06,2019-10-06 16:29:49.827,13451,1
27,2019-10-06,2019-10-06 19:42:57.540,13600,1
28,2019-10-07,2019-10-07 20:51:05.487,16,1
29,2019-10-07,2019-10-07 20:51:29.080,1,1
30,2019-10-07,2019-10-07 20:58:13.730,0,1
31,2019-10-08,2019-10-08 23:26:04.980,27967,1
32,2019-10-10,2019-10-10 09:45:35.020,18043,1
33,2019-10-10,2019-10-10 21:51:49.090,2,1
34,2019-10-10,2019-10-10 21:51:51.060,14,1
35,2019-10-10,2019-10-10 21:51:52.010,0,1
36,2019-10-11,2019-10-11 10:08:03.757,-4,1
37,2019-10-11,2019-10-11 14:19:41.220,3,1
38,2019-10-11,2019-10-11 20:25:42.443,16,1
39,2019-10-12,2019-10-12 08:59:55.830,-16,1
40,2019-10-12,2019-10-12 21:26:51.860,-17,1
41,2019-10-17,2019-10-17 11:21:31.300,114372,1
42,2019-10-20,2019-10-20 17:37:02.997,53314,1
43,2019-10-23,2019-10-23 09:53:05.047,78449,1
44,2019-10-27,2019-10-27 12:03:49.587,66798,1
45,2019-10-28,2019-10-28 17:34:30.280,4939,1
46,2019-10-29,2019-10-29 14:35:17.360,2,0
47,2019-10-30,2019-10-30 04:30:17.000,172,0
48,2019-10-30,2019-10-30 04:55:16.830,60680,1
49,2019-10-31,2019-10-31 04:30:11.120,12,0
50,2019-11-01,2019-11-01 04:30:10.970,351,0
51,2019-11-02,2019-11-02 04:30:05.230,45,0
52,2019-11-03,2019-11-03 04:30:07.797,84,0
53,2019-11-04,2019-11-04 04:30:14.653,241,0
54,2019-11-05,2019-11-05 04:34:27.147,10772,0
55,2019-11-06,2019-11-06 04:34:18.307,10194,0
56,2019-11-07,2019-11-07 04:34:49.777,11683,0
57,2019-11-08,2019-11-08 04:34:31.117,11017,0
58,2019-11-09,2019-11-09 04:34:56.500,11571,0
59,2019-11-10,2019-11-10 04:45:19.020,37462,0
60,2019-11-11,2019-11-11 04:42:53.043,30561,0
61,2019-11-12,2019-11-12 04:34:19.160,10413,0
62,2019-11-13,2019-11-13 04:34:13.800,10097,0
63,2019-11-14,2019-11-14 04:34:10.530,9924,0
64,2019-11-15,2019-11-15 04:34:25.440,10335,0
65,2019-11-16,2019-11-16 04:34:51.000,11328,0
66,2019-11-17,2019-11-17 04:41:46.673,26981,0
67,2019-11-18,2019-11-18 04:53:30.710,54309,0
68,2019-11-19,2019-11-19 04:34:33.063,10615,0
69,2019-11-20,2019-11-20 04:34:18.650,9887,0
70,2019-11-21,2019-11-21 04:34:02.490,9217,0
71,2019-11-22,2019-11-22 04:33:38.973,8379,0
72,2019-11-23,2019-11-23 04:34:05.043,9264,0
73,2019-11-24,2019-11-24 04:34:49.893,11497,0
74,2019-11-25,2019-11-25 04:35:47.210,13939,0
75,2019-11-26,2019-11-26 04:33:44.473,8781,0
76,2019-11-27,2019-11-27 04:33:15.767,7662,0
77,2019-11-28,2019-11-28 04:34:45.340,10323,0
78,2019-11-29,2019-11-29 04:33:36.393,8118,0
79,2019-11-30,2019-11-30 04:34:24.200,9361,0
80,2019-12-01,2019-12-01 04:43:16.447,31728,0
81,2019-12-02,2019-12-02 04:40:47.860,25520,0
82,2019-12-03,2019-12-03 04:34:44.993,11181,0
83,2019-12-04,2019-12-04 04:33:29.153,8223,0
84,2019-12-05,2019-12-05 04:35:13.300,12491,0
85,2019-12-06,2019-12-06 04:33:39.090,8316,0
86,2019-12-07,2019-12-07 04:33:51.573,8810,0
87,2019-12-08,2019-12-08 04:40:40.177,24733,0
88,2019-12-09,2019-12-09 04:43:33.703,32472,0
89,2019-12-10,2019-12-10 04:33:38.040,8654,0
90,2019-12-11,2019-12-11 04:32:51.203,6730,0
91,2019-12-12,2019-12-12 04:39:38.683,22926,0
92,2019-12-13,2019-12-13 04:32:54.827,6678,0
93,2019-12-14,2019-12-14 04:33:26.613,8073,0
94,2019-12-15,2019-12-15 04:46:36.627,40538,0
95,2019-12-16,2019-12-16 04:38:51.150,20780,0
96,2019-12-17,2019-12-17 04:32:16.940,5149,0
97,2019-12-18,2019-12-18 04:32:02.330,4844,0
98,2019-12-19,2019-12-19 04:33:00.900,7169,0
99,2019-12-19,2019-12-19 22:36:55.963,136076,1
100,2019-12-19,2019-12-19 22:36:59.650,139426,1
101,2019-12-20,2019-12-20 04:30:04.660,1,0
102,2019-12-21,2019-12-21 04:30:06.170,14,0
103,2019-12-22,2019-12-22 04:30:04.750,10,0
104,2019-12-23,2019-12-23 04:30:04.540,7,0
105,2019-12-24,2019-12-24 04:30:06.353,25,0
106,2019-12-25,2019-12-25 04:30:39.143,1437,0
107,2019-12-26,2019-12-26 04:33:52.910,9108,0
108,2019-12-27,2019-12-27 04:33:27.270,7917,0
109,2019-12-28,2019-12-28 04:33:52.967,9052,0
110,2019-12-29,2019-12-29 04:41:12.057,24845,0
111,2019-12-30,2019-12-30 04:51:39.260,45499,0
112,2019-12-31,2019-12-31 04:33:33.483,7387,0
113,2020-01-01,2020-01-01 04:33:45.617,8678,0
114,2020-01-02,2020-01-02 04:34:01.577,9279,0
115,2020-01-03,2020-01-03 04:34:11.070,9657,0
116,2020-01-04,2020-01-04 04:34:52.203,11278,0
117,2020-01-05,2020-01-05 04:35:45.453,13699,0
118,2020-01-06,2020-01-06 04:34:53.140,11653,0
119,2020-01-07,2020-01-07 04:33:46.153,8726,0
120,2020-01-08,2020-01-08 04:33:55.507,9196,0
121,2020-01-08,2020-01-08 20:29:25.127,80659,1
122,2020-01-09,2020-01-09 04:30:08.157,1,0
123,2020-01-10,2020-01-10 04:30:09.313,25,0
124,2020-01-11,2020-01-11 04:30:09.293,23,0
125,2020-01-12,2020-01-12 04:30:09.000,26,0
126,2020-01-12,2020-01-12 21:23:08.333,70839,1
127,2020-01-13,2020-01-13 04:30:04.890,0,0
128,2020-01-14,2020-01-14 04:30:07.500,17,0
129,2020-01-15,2020-01-15 04:30:08.487,9,0
130,2020-01-16,2020-01-16 04:30:03.723,17,0
131,2020-01-17,2020-01-17 04:30:08.770,10,0
132,2020-01-18,2020-01-18 04:31:13.700,2766,0
133,2020-01-18,2020-01-18 20:41:49.167,148516,1
134,2020-01-19,2020-01-19 04:30:08.487,0,0
135,2020-01-20,2020-01-20 04:30:04.400,12,0
136,2020-01-21,2020-01-21 04:30:09.133,16,0
137,2020-01-22,2020-01-22 04:30:09.933,15,0
138,2020-01-23,2020-01-23 04:30:07.930,11,0
139,2020-01-24,2020-01-24 04:30:24.330,3079,0
140,2020-01-25,2020-01-25 04:30:56.033,9459,0
141,2020-01-26,2020-01-26 04:32:21.423,16896,0
142,2020-01-27,2020-01-27 04:33:13.827,25648,0
143,2020-01-28,2020-01-28 04:31:01.227,10141,0
144,2020-01-29,2020-01-29 04:31:09.480,9342,0
145,2020-01-30,2020-01-30 04:31:13.680,9369,0
146,2020-01-31,2020-01-31 04:31:14.607,8900,0
147,2020-02-01,2020-02-01 04:30:58.417,9304,0
148,2020-02-02,2020-02-02 01:12:50.513,110232,1
149,2020-02-02,2020-02-02 04:30:09.763,0,0
150,2020-02-03,2020-02-03 04:30:08.487,11,0
151,2020-02-04,2020-02-04 04:30:08.993,7,0
152,2020-02-05,2020-02-05 04:30:09.787,8,0
153,2020-02-05,2020-02-05 17:07:54.060,51690,1
154,2020-02-05,2020-02-05 23:43:10.357,-30,1
155,2020-02-06,2020-02-06 04:30:08.537,0,0
156,2020-02-07,2020-02-07 04:30:08.693,11,0
157,2020-02-08,2020-02-08 04:30:08.503,11,0
158,2020-02-09,2020-02-09 04:30:09.440,9,0
159,2020-02-10,2020-02-10 04:30:09.043,7,0
160,2020-02-10,2020-02-10 13:20:12.560,60671,1
161,2020-02-11,2020-02-11 04:30:08.617,7,0
162,2020-02-12,2020-02-12 04:30:09.093,5,0
163,2020-02-13,2020-02-13 04:30:10.270,11,0
164,2020-02-14,2020-02-14 04:30:08.783,5,0
165,2020-02-15,2020-02-15 04:30:05.580,8,0
166,2020-02-15,2020-02-15 15:29:08.753,119050,1
167,2020-02-15,2020-02-15 15:29:12.193,113346,1
168,2020-02-16,2020-02-16 04:30:08.670,8,0
169,2020-02-17,2020-02-17 04:30:05.580,6,0
170,2020-02-17,2020-02-17 14:57:15.373,16482,1
171,2020-02-18,2020-02-18 04:30:05.957,6,0
172,2020-02-19,2020-02-19 04:30:04.973,12,0
173,2020-02-19,2020-02-19 12:40:53.700,41781,1
174,2020-02-20,2020-02-20 04:30:08.117,7,0
175,2020-02-21,2020-02-21 04:30:12.153,6,0
176,2020-02-22,2020-02-22 04:30:04.700,13,0
177,2020-02-23,2020-02-23 04:30:04.497,12,0
178,2020-02-23,2020-02-23 09:26:54.057,47478,1
179,2020-02-24,2020-02-24 04:30:09.117,7,0
180,2020-02-24,2020-02-24 22:09:04.657,16964,1
181,2020-02-25,2020-02-25 04:30:11.667,1,0
182,2020-02-26,2020-02-26 04:30:09.783,7,0
183,2020-02-27,2020-02-27 04:30:07.877,5,0
184,2020-02-27,2020-02-27 23:24:20.877,104049,1
185,2020-02-27,2020-02-27 23:24:25.557,104762,1
186,2020-02-27,2020-02-27 23:24:32.400,97715,1
187,2020-02-27,2020-02-27 23:24:42.400,98893,1
188,2020-02-28,2020-02-28 04:30:16.457,0,0
189,2020-02-29,2020-02-29 04:30:05.787,7,0
190,2020-03-01,2020-03-01 04:30:21.077,690,0
191,2020-03-02,2020-03-02 04:30:06.403,84,0
192,2020-03-03,2020-03-03 04:30:05.767,70,0
193,2020-03-03,2020-03-03 12:05:03.297,58882,1
194,2020-03-04,2020-03-04 04:30:06.150,15,0
195,2020-03-05,2020-03-05 04:30:04.843,17,0
196,2020-03-06,2020-03-06 04:30:05.760,25,0
197,2020-03-07,2020-03-07 04:30:05.873,23,0
198,2020-03-08,2020-03-08 04:30:06.257,18,0
199,2020-03-08,2020-03-08 14:49:42.930,87792,1
200,2020-03-09,2020-03-09 04:30:06.713,5,0
201,2020-03-10,2020-03-10 04:30:05.480,22,0
202,2020-03-11,2020-03-11 04:30:05.820,13,0
203,2020-03-11,2020-03-11 18:44:02.123,43951,1
204,2020-03-12,2020-03-12 04:30:04.930,4,0
205,2020-03-13,2020-03-13 04:30:06.840,16,0
206,2020-03-14,2020-03-14 04:30:06.857,17,0
207,2020-03-15,2020-03-15 04:30:05.327,8,0
208,2020-03-16,2020-03-16 04:30:05.663,13,0
209,2020-03-16,2020-03-16 16:50:11.937,70840,1
210,2020-03-17,2020-03-17 04:30:04.873,2,0
211,2020-03-18,2020-03-18 04:30:05.430,15,0
212,2020-03-19,2020-03-19 04:30:06.030,7,0
213,2020-03-20,2020-03-20 04:30:05.313,15,0
214,2020-03-20,2020-03-20 18:13:13.307,64442,1
215,2020-03-20,2020-03-20 18:13:16.547,63425,1
216,2020-03-21,2020-03-21 04:30:06.047,3,0
217,2020-03-22,2020-03-22 04:30:05.070,21,0
218,2020-03-23,2020-03-23 04:30:05.083,4,0
219,2020-03-24,2020-03-24 04:30:05.840,6,0
220,2020-03-24,2020-03-24 09:53:09.440,0,1
221,2020-03-24,2020-03-24 11:55:44.207,53770,1
222,2020-03-25,2020-03-25 04:30:06.453,11,0
223,2020-03-26,2020-03-26 04:30:05.323,8,0
224,2020-03-27,2020-03-27 04:30:05.387,17,0
225,2020-03-27,2020-03-27 18:53:09.873,54864,1
226,2020-03-28,2020-03-28 04:30:05.203,1,0
227,2020-03-29,2020-03-29 04:30:05.983,7,0
228,2020-03-30,2020-03-30 04:30:12.667,14,0
229,2020-03-30,2020-03-30 12:23:34.610,38416,1
230,2020-03-31,2020-03-31 04:30:06.080,5,0
231,2020-04-01,2020-04-01 04:30:52.100,1826,0
232,2020-04-01,2020-04-01 23:07:54.927,47599,1
233,2020-04-02,2020-04-02 04:30:06.130,1,0
234,2020-04-03,2020-04-03 04:30:05.233,13,0
235,2020-04-04,2020-04-04 04:30:05.440,25,0
236,2020-04-04,2020-04-04 18:12:00.223,36898,1
237,2020-04-04,2020-04-04 18:12:02.820,31887,1
238,2020-04-04,2020-04-04 18:12:10.900,20222,1
239,2020-04-05,2020-04-05 04:30:04.957,3,0
240,2020-04-06,2020-04-06 04:30:06.170,21,0
241,2020-04-06,2020-04-06 09:48:56.087,12382,1
242,2020-04-07,2020-04-07 04:30:06.250,32,0
243,2020-04-07,2020-04-07 17:39:18.833,12207,1
244,2020-04-08,2020-04-08 04:30:07.247,9,0
245,2020-04-09,2020-04-09 04:30:07.200,23,0
246,2020-04-09,2020-04-09 08:58:37.730,16875,1
247,2020-04-10,2020-04-10 04:30:07.300,29,0
248,2020-04-10,2020-04-10 20:01:53.103,14767,1
249,2020-04-11,2020-04-11 04:30:07.283,0,0
250,2020-04-12,2020-04-12 04:30:05.760,29,0
251,2020-04-12,2020-04-12 11:34:28.943,14764,1
252,2020-04-13,2020-04-13 04:30:05.787,10,0
253,2020-04-13,2020-04-13 20:39:56.393,15432,1
254,2020-04-14,2020-04-14 04:30:05.370,0,0
255,2020-04-15,2020-04-15 04:30:06.800,17,0
256,2020-04-15,2020-04-15 16:40:59.953,26488,1
257,2020-04-15,2020-04-15 16:52:54.360,8,1
258,2020-04-16,2020-04-16 04:30:06.080,6,0
259,2020-04-16,2020-04-16 23:26:01.097,12264,1
260,2020-04-17,2020-04-17 04:30:06.740,0,0
261,2020-04-18,2020-04-18 04:30:06.230,23,0
262,2020-04-18,2020-04-18 15:15:32.777,10317,1
263,2020-04-19,2020-04-19 04:30:05.400,5,0
264,2020-04-19,2020-04-19 15:34:35.150,1727,1
265,2020-04-20,2020-04-20 04:30:06.163,7,0
266,2020-04-20,2020-04-20 16:08:18.033,1420,1
267,2020-04-21,2020-04-21 04:30:06.083,5,0
268,2020-04-21,2020-04-21 18:12:41.423,4664,1
269,2020-04-22,2020-04-22 04:30:04.847,4,0
270,2020-04-22,2020-04-22 22:52:43.557,11897,1
271,2020-04-23,2020-04-23 04:30:06.673,1,0
272,2020-04-24,2020-04-24 04:30:05.557,25,0
273,2020-04-24,2020-04-24 12:46:49.853,10374,1
274,2020-04-25,2020-04-25 04:30:07.547,156,0
275,2020-04-25,2020-04-25 17:06:08.080,6927,1
276,2020-04-26,2020-04-26 04:30:05.370,5,0
277,2020-04-26,2020-04-26 17:17:11.223,1614,1
278,2020-04-27,2020-04-27 04:30:13.240,3,0
279,2020-04-27,2020-04-27 18:54:12.880,3173,1
280,2020-04-28,2020-04-28 04:30:07.687,2,0
281,2020-04-29,2020-04-29 00:26:22.707,12521,1
282,2020-04-29,2020-04-29 04:30:05.943,0,0
283,2020-04-30,2020-04-30 04:30:06.497,14,0
284,2020-04-30,2020-04-30 18:01:32.760,15731,1
285,2020-05-01,2020-05-01 04:31:20.793,2974,0
286,2020-05-02,2020-05-02 04:30:08.907,207,0
287,2020-05-02,2020-05-02 11:05:12.727,18124,1
288,2020-05-03,2020-05-03 04:30:05.407,18,0
289,2020-05-03,2020-05-03 22:32:16.220,21259,1
290,2020-05-04,2020-05-04 04:30:05.233,1,0
291,2020-05-05,2020-05-05 04:30:06.133,55,0
292,2020-05-06,2020-05-06 04:30:06.483,54,0
293,2020-05-06,2020-05-06 07:08:20.907,28813,1
294,2020-05-07,2020-05-07 04:30:06.170,39,0
295,2020-05-08,2020-05-08 04:30:05.223,41,0
296,2020-05-09,2020-05-09 04:30:05.230,37,0
297,2020-05-09,2020-05-09 06:49:50.857,42136,1
298,2020-05-10,2020-05-10 04:30:05.707,28,0
299,2020-05-11,2020-05-11 04:30:05.610,21,0
300,2020-05-12,2020-05-12 04:30:05.767,31,0
301,2020-05-12,2020-05-12 15:25:34.640,48227,1
302,2020-05-13,2020-05-13 04:30:05.930,17,0
303,2020-05-14,2020-05-14 04:30:06.073,27,0
304,2020-05-15,2020-05-15 04:30:07.687,25,0
305,2020-05-16,2020-05-16 04:30:05.133,22,0
306,2020-05-16,2020-05-16 10:58:05.103,43804,1
307,2020-05-17,2020-05-17 04:30:05.970,20,0
308,2020-05-17,2020-05-17 22:25:24.217,14566,1
309,2020-05-18,2020-05-18 04:30:05.140,0,0
310,2020-05-19,2020-05-19 04:30:06.027,25,0
311,2020-05-20,2020-05-20 04:30:05.423,31,0
312,2020-05-20,2020-05-20 13:45:06.017,47923,1
313,2020-05-21,2020-05-21 04:30:05.450,23,0
314,2020-05-22,2020-05-22 04:30:06.190,31,0
315,2020-05-23,2020-05-23 04:30:05.507,31,0
316,2020-05-24,2020-05-24 04:30:07.070,26,0
317,2020-05-24,2020-05-24 14:19:15.560,43015,1
318,2020-05-25,2020-05-25 04:30:06.153,15,0
319,2020-05-26,2020-05-26 04:30:06.083,33,0
320,2020-05-27,2020-05-27 04:30:05.353,26,0
321,2020-05-28,2020-05-28 04:30:05.263,30,0
322,2020-05-28,2020-05-28 11:46:41.147,65767,1
323,2020-05-29,2020-05-29 04:30:06.357,17,0
324,2020-05-30,2020-05-30 04:30:05.193,30,0
325,2020-05-31,2020-05-31 04:30:05.957,18,0
326,2020-06-01,2020-06-01 04:30:42.200,1459,0
327,2020-06-02,2020-06-02 04:30:06.510,96,0
328,2020-06-02,2020-06-02 09:33:54.107,53475,1
329,2020-06-02,2020-06-02 09:33:55.543,52716,1
330,2020-06-03,2020-06-03 04:30:05.283,20,0
331,2020-06-04,2020-06-04 04:30:10.693,256,0
332,2020-06-05,2020-06-05 04:30:05.597,26,0
333,2020-06-06,2020-06-06 04:30:05.450,20,0
334,2020-06-07,2020-06-07 04:30:05.933,25,0
335,2020-06-07,2020-06-07 11:42:14.817,53983,1
336,2020-06-08,2020-06-08 04:30:06.133,10,0
337,2020-06-09,2020-06-09 04:30:05.290,18,0
338,2020-06-10,2020-06-10 04:30:05.860,15,0
339,2020-06-11,2020-06-11 04:30:06.123,19,0
340,2020-06-12,2020-06-12 04:30:05.840,22,0
341,2020-06-12,2020-06-12 19:01:48.187,69614,1
342,2020-06-12,2020-06-12 19:01:54.863,57734,1
343,2020-06-13,2020-06-13 04:30:04.817,0,0
344,2020-06-14,2020-06-14 04:30:05.650,12,0
345,2020-06-15,2020-06-15 04:30:05.703,7,0
346,2020-06-16,2020-06-16 04:30:05.960,17,0
347,2020-06-16,2020-06-16 21:53:13.127,45645,1
348,2020-06-17,2020-06-17 04:30:05.620,0,0
349,2020-06-18,2020-06-18 04:30:05.503,16,0
350,2020-06-18,2020-06-18 20:12:16.267,13209,1
351,2020-06-18,2020-06-18 20:12:18.567,12416,1
352,2020-06-18,2020-06-18 20:12:18.673,10153,1
353,2020-06-19,2020-06-19 04:30:05.863,0,0
354,2020-06-19,2020-06-19 18:06:35.953,14,1
355,2020-06-20,2020-06-20 04:30:05.373,2,0
356,2020-06-20,2020-06-20 09:13:19.727,2,1
357,2020-06-20,2020-06-20 19:44:56.607,94,1
358,2020-06-21,2020-06-21 04:30:05.897,0,0
359,2020-06-21,2020-06-21 07:25:30.510,3,1
360,2020-06-21,2020-06-21 12:08:36.783,10,1
361,2020-06-21,2020-06-21 15:30:23.760,5,1
362,2020-06-21,2020-06-21 17:40:47.853,4,1
363,2020-06-21,2020-06-21 18:50:52.953,-2,1
364,2020-06-21,2020-06-21 21:38:20.820,28,1
365,2020-06-22,2020-06-22 04:30:07.513,0,0
366,2020-06-22,2020-06-22 06:06:00.980,1,1
367,2020-06-22,2020-06-22 09:45:24.140,176065,1
368,2020-06-23,2020-06-23 04:30:05.813,28,0
369,2020-06-23,2020-06-23 12:32:29.270,731,1
370,2020-06-24,2020-06-24 04:30:05.563,34,0
371,2020-06-25,2020-06-25 04:30:05.977,37,0
372,2020-06-25,2020-06-25 14:13:56.337,0,1
373,2020-06-26,2020-06-26 04:30:07.290,42,0
374,2020-06-27,2020-06-27 04:30:08.537,43,0
375,2020-06-28,2020-06-28 04:43:01.827,29668,0
376,2020-06-29,2020-06-29 04:43:17.037,30554,0
377,2020-06-30,2020-06-30 04:39:38.990,22097,0
378,2020-07-01,2020-07-01 04:37:19.417,16374,0
379,2020-07-02,2020-07-02 04:36:18.180,13635,0
380,2020-07-03,2020-07-03 04:35:44.007,12733,0
381,2020-07-04,2020-07-04 04:36:23.813,14192,0
382,2020-07-05,2020-07-05 04:43:42.320,31129,0
383,2020-07-06,2020-07-06 04:46:40.043,38080,0
384,2020-07-07,2020-07-07 04:35:54.757,13656,0
385,2020-07-08,2020-07-08 04:36:43.827,14372,0
386,2020-07-09,2020-07-09 04:37:11.033,15144,0
387,2020-07-10,2020-07-10 04:38:12.647,18295,0
388,2020-07-11,2020-07-11 04:35:45.647,12586,0
389,2020-07-12,2020-07-12 04:45:37.810,34694,0
390,2020-07-13,2020-07-13 04:39:51.083,21723,0
391,2020-07-14,2020-07-14 04:35:27.090,11997,0
392,2020-07-15,2020-07-15 04:36:03.423,12732,0
393,2020-07-16,2020-07-16 04:36:27.743,12780,0
394,2020-07-17,2020-07-17 04:35:30.353,12229,0
395,2020-07-18,2020-07-18 04:35:23.473,11833,0
396,2020-07-19,2020-07-19 04:38:57.400,19628,0
397,2020-07-20,2020-07-20 04:38:09.173,17967,0
398,2020-07-21,2020-07-21 04:35:59.140,12886,0
399,2020-07-22,2020-07-22 04:35:09.010,11380,0
400,2020-07-23,2020-07-23 04:35:42.630,12014,0
401,2020-07-24,2020-07-24 04:36:24.803,14408,0
402,2020-07-25,2020-07-25 04:35:27.730,11807,0
403,2020-07-26,2020-07-26 04:38:44.617,18854,0
404,2020-07-27,2020-07-27 04:41:24.280,25909,0
405,2020-07-28,2020-07-28 04:35:49.243,12481,0
406,2020-07-29,2020-07-29 04:35:25.337,11999,0
407,2020-07-30,2020-07-30 04:35:37.383,11600,0
408,2020-07-31,2020-07-31 04:35:39.580,12562,0
409,2020-08-01,2020-08-01 04:35:35.630,12221,0
410,2020-08-02,2020-08-02 04:37:16.680,16375,0
411,2020-08-03,2020-08-03 04:37:03.223,16160,0
412,2020-08-04,2020-08-04 04:35:04.043,11594,0
413,2020-08-05,2020-08-05 04:35:19.200,12152,0
414,2020-08-06,2020-08-06 04:35:50.510,13133,0
415,2020-08-07,2020-08-07 04:35:17.520,12032,0
416,2020-08-08,2020-08-08 04:35:22.473,12217,0
417,2020-08-09,2020-08-09 04:46:59.940,38227,0
418,2020-08-10,2020-08-10 04:40:45.933,23837,0
419,2020-08-11,2020-08-11 04:37:11.477,16093,0
420,2020-08-12,2020-08-12 04:36:08.833,13672,0
421,2020-08-13,2020-08-13 04:35:45.733,12727,0
422,2020-08-14,2020-08-14 04:35:34.180,12443,0
423,2020-08-15,2020-08-15 04:35:17.117,11826,0
424,2020-08-16,2020-08-16 04:35:58.997,13418,0
425,2020-08-17,2020-08-17 04:36:14.860,13666,0
426,2020-08-18,2020-08-18 04:35:32.893,12224,0
427,2020-08-19,2020-08-19 04:35:27.633,12235,0
428,2020-08-20,2020-08-20 04:35:20.783,11793,0
429,2020-08-21,2020-08-21 04:36:01.170,13055,0
430,2020-08-22,2020-08-22 04:36:15.740,13831,0
431,2020-08-23,2020-08-23 04:36:15.627,13929,0
432,2020-08-24,2020-08-24 04:40:56.177,24522,0
433,2020-08-25,2020-08-25 04:35:18.980,11642,0
434,2020-08-26,2020-08-26 04:34:59.890,11017,0
435,2020-08-27,2020-08-27 04:35:09.040,11532,0
436,2020-08-28,2020-08-28 04:35:11.667,11461,0
437,2020-08-29,2020-08-29 04:35:31.937,12103,0
438,2020-08-30,2020-08-30 04:35:28.630,12501,0
439,2020-08-31,2020-08-31 04:35:16.967,11968,0
440,2020-09-01,2020-09-01 04:35:04.580,11489,0
441,2020-09-02,2020-09-02 04:34:27.537,10349,0
442,2020-09-03,2020-09-03 04:34:35.963,10402,0
443,2020-09-04,2020-09-04 04:34:32.547,10256,0
444,2020-09-05,2020-09-05 04:35:38.857,12428,0
445,2020-09-06,2020-09-06 04:47:24.593,38981,0
446,2020-09-07,2020-09-07 04:36:53.300,15337,0
447,2020-09-08,2020-09-08 04:36:28.820,14501,0
448,2020-09-09,2020-09-09 04:36:08.517,13487,0
449,2020-09-10,2020-09-10 04:36:57.607,15233,0
450,2020-09-11,2020-09-11 04:35:38.647,12338,0
451,2020-09-12,2020-09-12 04:35:47.833,12607,0
452,2020-09-13,2020-09-13 04:36:37.533,14728,0
453,2020-09-14,2020-09-14 04:36:45.380,14849,0
454,2020-09-15,2020-09-15 04:34:51.027,10617,0
455,2020-09-16,2020-09-16 04:34:47.530,10635,0
456,2020-09-17,2020-09-17 04:35:15.653,11702,0
457,2020-09-18,2020-09-18 04:35:03.730,11075,0
458,2020-09-19,2020-09-19 04:35:36.040,12272,0
459,2020-09-20,2020-09-20 04:37:07.930,15287,0
460,2020-09-21,2020-09-21 04:36:52.277,15085,0
461,2020-09-22,2020-09-22 04:34:15.240,9274,0
462,2020-09-23,2020-09-23 04:34:03.803,8899,0
463,2020-09-24,2020-09-24 04:33:55.437,8806,0
464,2020-09-25,2020-09-25 04:34:36.147,9935,0
465,2020-09-26,2020-09-26 04:34:31.020,9952,0
466,2020-09-27,2020-09-27 04:37:08.503,15902,0
467,2020-09-27,2020-09-27 16:56:12.050,61451,1
468,2020-09-28,2020-09-28 04:30:06.257,28,0
469,2020-09-29,2020-09-29 04:30:06.737,67,0
470,2020-09-30,2020-09-30 04:30:07.300,53,0
471,2020-10-01,2020-10-01 04:30:24.560,751,0
472,2020-10-02,2020-10-02 01:55:59.803,221391,1
473,2020-10-02,2020-10-02 04:30:04.860,31,0
474,2020-10-03,2020-10-03 04:30:11.433,71,0
475,2020-10-04,2020-10-04 04:30:08.753,49,0
476,2020-10-05,2020-10-05 04:30:08.843,85,0
477,2020-10-05,2020-10-05 19:39:58.537,52837,1
478,2020-10-05,2020-10-05 19:40:05.017,53289,1
479,2020-10-05,2020-10-05 19:40:05.393,51742,1
480,2020-10-05,2020-10-05 19:40:06.470,53493,1
481,2020-10-06,2020-10-06 04:30:05.390,34,0
482,2020-10-07,2020-10-07 04:30:07.207,81,0
483,2020-10-08,2020-10-08 04:30:06.980,72,0
484,2020-10-09,2020-10-09 04:30:06.837,64,0
485,2020-10-10,2020-10-10 04:30:07.467,57,0
486,2020-10-11,2020-10-11 04:44:03.997,32042,0
487,2020-10-13,2020-10-13 04:35:15.930,11481,0
488,2020-10-14,2020-10-14 04:35:32.893,11395,0
489,2020-10-15,2020-10-15 04:34:37.747,10251,0
490,2020-10-16,2020-10-16 04:34:57.597,11125,0
491,2020-10-17,2020-10-17 04:37:36.663,16489,0
492,2020-10-18,2020-10-18 04:36:23.537,14246,0
493,2020-10-19,2020-10-19 01:41:46.850,63586,1
494,2020-10-19,2020-10-19 04:30:07.563,25,0
495,2020-10-20,2020-10-20 04:30:07.277,49,0
496,2020-10-21,2020-10-21 04:30:07.167,55,0
497,2020-10-22,2020-10-22 04:30:06.877,47,0
498,2020-10-23,2020-10-23 04:30:10.003,56,0
499,2020-10-24,2020-10-24 04:30:14.040,427,0
500,2020-10-24,2020-10-24 19:48:51.903,224808,1
501,2020-10-25,2020-10-25 04:30:07.247,27,0
502,2020-10-26,2020-10-26 04:30:06.317,46,0
503,2020-10-27,2020-10-27 04:30:07.527,58,0
504,2020-10-28,2020-10-28 04:30:06.607,64,0
505,2020-10-29,2020-10-29 04:30:07.313,43,0
506,2020-10-30,2020-10-30 04:32:15.743,4951,0
507,2020-10-31,2020-10-31 04:35:29.030,11824,0
508,2020-11-01,2020-11-01 04:39:12.873,19682,0
509,2020-11-02,2020-11-02 04:39:57.697,22090,0
510,2020-11-03,2020-11-03 04:35:27.797,12244,0
511,2020-11-04,2020-11-04 04:38:12.763,18748,0
512,2020-11-05,2020-11-05 04:35:37.883,12594,0
513,2020-11-06,2020-11-06 04:36:02.630,13015,0
514,2020-11-07,2020-11-07 04:35:56.220,12599,0
515,2020-11-08,2020-11-08 04:38:33.920,18794,0
516,2020-11-08,2020-11-08 22:56:35.703,57405,1
517,2020-11-09,2020-11-09 04:30:06.830,25,0
518,2020-11-10,2020-11-10 04:30:10.037,63,0
519,2020-11-11,2020-11-11 04:30:06.930,54,0
520,2020-11-12,2020-11-12 04:30:07.780,46,0
521,2020-11-13,2020-11-13 04:30:07.967,62,0
522,2020-11-14,2020-11-14 04:31:36.857,3547,0
523,2020-11-17,2020-11-17 04:34:26.077,9318,0
524,2020-11-18,2020-11-18 04:34:30.697,9892,0
525,2020-11-19,2020-11-19 04:33:57.917,8637,0
526,2020-11-20,2020-11-20 04:37:06.517,15824,0
527,2020-11-21,2020-11-21 04:34:46.390,10459,0
528,2020-11-22,2020-11-22 04:35:30.687,12091,0
529,2020-11-23,2020-11-23 04:35:49.787,13009,0
530,2020-11-24,2020-11-24 04:33:47.070,8273,0
531,2020-11-25,2020-11-25 04:33:11.080,6790,0
532,2020-11-26,2020-11-26 04:33:00.200,6624,0
533,2020-11-27,2020-11-27 04:33:34.457,7739,0
534,2020-11-28,2020-11-28 04:34:48.770,10394,0
535,2020-11-28,2020-11-28 17:48:30.943,143790,1
536,2020-11-29,2020-11-29 04:30:10.740,22,0
537,2020-11-30,2020-11-30 04:30:07.437,50,0
538,2020-12-01,2020-12-01 04:30:32.450,688,0
539,2020-12-02,2020-12-02 04:30:08.200,87,0
540,2020-12-03,2020-12-03 04:30:07.160,68,0
541,2020-12-04,2020-12-04 04:32:28.750,5493,0
542,2020-12-05,2020-12-05 00:09:24.917,238879,1
543,2020-12-05,2020-12-05 04:30:07.013,16,0
544,2020-12-06,2020-12-06 04:30:07.760,45,0
545,2020-12-07,2020-12-07 04:30:07.530,35,0
546,2020-12-08,2020-12-08 04:30:06.703,38,0
547,2020-12-09,2020-12-09 04:30:09.227,59,0
548,2020-12-10,2020-12-10 04:30:22.470,736,0
549,2020-12-11,2020-12-11 04:33:33.407,8029,0
550,2020-12-12,2020-12-12 04:34:16.820,8966,0
551,2020-12-13,2020-12-13 04:38:08.823,18040,0
552,2020-12-14,2020-12-14 04:40:58.290,26136,0
553,2020-12-15,2020-12-15 04:32:56.470,6766,0
554,2020-12-16,2020-12-16 04:32:30.723,5676,0
555,2020-12-17,2020-12-17 04:32:32.897,5604,0
556,2020-12-18,2020-12-18 04:32:29.527,5605,0
557,2020-12-19,2020-12-19 04:33:38.203,8196,0
558,2020-12-20,2020-12-20 04:49:21.513,45500,0
559,2020-12-21,2020-12-21 04:50:46.297,48455,0
560,2020-12-22,2020-12-22 04:33:28.980,7920,0
561,2020-12-23,2020-12-23 04:33:00.270,6847,0
562,2020-12-24,2020-12-24 04:33:31.010,7477,0
563,2020-12-25,2020-12-25 04:33:09.193,6932,0
564,2020-12-26,2020-12-26 04:33:42.377,8425,0
565,2020-12-27,2020-12-27 04:54:33.593,56720,0
566,2020-12-29,2020-12-29 04:33:38.210,8129,0
567,2020-12-30,2020-12-30 04:34:00.450,8863,0
568,2020-12-31,2020-12-31 04:34:57.927,11025,0
569,2021-01-01,2021-01-01 04:33:56.310,8560,0
570,2021-01-02,2021-01-02 04:34:08.983,9005,0
571,2021-01-03,2021-01-03 04:34:31.043,9965,0
572,2021-01-04,2021-01-04 04:35:02.410,11220,0
573,2021-01-05,2021-01-05 04:33:17.493,6849,0
574,2021-01-06,2021-01-06 04:33:48.503,8049,0
575,2021-01-07,2021-01-07 04:33:35.880,7778,0
576,2021-01-08,2021-01-08 04:33:33.227,7756,0
577,2021-01-09,2021-01-09 04:34:38.863,9925,0
578,2021-01-10,2021-01-10 04:34:06.217,9318,0
579,2021-01-11,2021-01-11 04:36:21.490,14241,0
580,2021-01-12,2021-01-12 04:32:37.327,5797,0
581,2021-01-13,2021-01-13 04:32:42.780,5727,0
582,2021-01-14,2021-01-14 04:34:35.780,10485,0
583,2021-01-15,2021-01-15 04:33:35.430,8156,0
584,2021-01-16,2021-01-16 04:45:59.990,34875,0
585,2021-01-16,2021-01-16 20:00:54.997,157509,1
586,2021-01-17,2021-01-17 04:30:06.587,19,0
587,2021-01-18,2021-01-18 04:30:17.023,41,0
588,2021-01-19,2021-01-19 04:30:16.280,55,0
589,2021-01-20,2021-01-20 04:30:08.167,58,0
590,2021-01-21,2021-01-21 04:30:15.947,56,0
591,2021-01-21,2021-01-21 21:55:08.803,209484,1
592,2021-01-21,2021-01-21 21:55:12.137,207936,1
593,2021-01-21,2021-01-21 21:55:14.280,211233,1
594,2021-01-22,2021-01-22 04:30:06.510,17,0
595,2021-01-23,2021-01-23 04:30:10.543,48,0
596,2021-01-24,2021-01-24 04:30:09.150,62,0
597,2021-01-24,2021-01-24 22:31:51.320,25536,1
598,2021-01-25,2021-01-25 04:30:06.963,18,0
599,2021-01-26,2021-01-26 04:30:08.313,49,0
600,2021-01-26,2021-01-26 22:53:35.283,85218,1
601,2021-01-27,2021-01-27 04:30:07.470,11,0
602,2021-01-28,2021-01-28 04:30:16.610,51,0
603,2021-01-29,2021-01-29 04:30:06.610,41,0
604,2021-01-30,2021-01-30 04:30:06.893,53,0
605,2021-01-31,2021-01-31 04:30:06.927,40,0
606,2021-01-31,2021-01-31 14:34:47.413,43383,1
607,2021-01-31,2021-01-31 14:34:52.320,52318,1
608,2021-01-31,2021-01-31 14:35:00.570,48017,1
609,2021-01-31,2021-01-31 14:35:08.547,52145,1
610,2021-02-01,2021-02-01 04:30:24.700,703,0
611,2021-02-02,2021-02-02 04:30:07.980,94,0
612,2021-02-02,2021-02-02 19:46:58.010,68051,1
613,2021-02-03,2021-02-03 04:30:15.690,19,0
614,2021-02-04,2021-02-04 04:30:08.513,68,0
615,2021-02-05,2021-02-05 04:30:16.560,79,0
616,2021-02-06,2021-02-06 04:30:08.367,74,0
617,2021-02-07,2021-02-07 04:30:07.753,68,0
618,2021-02-07,2021-02-07 17:20:02.777,89744,1
619,2021-02-08,2021-02-08 04:30:06.407,35,0
620,2021-02-09,2021-02-09 04:30:06.793,67,0
621,2021-02-10,2021-02-10 04:30:06.937,75,0
622,2021-02-11,2021-02-11 04:30:07.360,70,0
623,2021-02-12,2021-02-12 04:30:07.117,28,0
624,2021-02-13,2021-02-13 04:40:28.240,23679,0
625,2021-02-13,2021-02-13 19:21:07.943,163817,1
626,2021-02-14,2021-02-14 04:30:06.890,16,0
627,2021-02-15,2021-02-15 04:30:06.807,30,0
628,2021-02-16,2021-02-16 04:30:06.423,12,0
629,2021-02-17,2021-02-17 04:30:06.190,13,0
630,2021-02-18,2021-02-18 04:30:07.380,25,0
631,2021-02-19,2021-02-19 04:33:28.270,7585,0
632,2021-02-19,2021-02-19 15:14:02.703,186456,1
633,2021-02-20,2021-02-20 04:30:06.567,18,0
634,2021-02-21,2021-02-21 04:30:07.083,44,0
635,2021-02-22,2021-02-22 04:30:07.223,38,0
636,2021-02-23,2021-02-23 04:30:06.720,33,0
637,2021-02-24,2021-02-24 04:30:07.003,34,0
638,2021-02-25,2021-02-25 04:33:29.730,8014,0
639,2021-02-25,2021-02-25 22:45:18.380,210158,1
640,2021-02-26,2021-02-26 04:30:06.350,10,0
641,2021-02-27,2021-02-27 04:30:07.280,36,0
642,2021-02-28,2021-02-28 04:30:06.720,25,0
643,2021-03-01,2021-03-01 04:30:20.893,585,0
644,2021-03-02,2021-03-02 04:30:08.013,78,0
645,2021-03-03,2021-03-03 04:31:06.770,2347,0
646,2021-03-04,2021-03-04 04:34:54.040,10478,0
647,2021-03-05,2021-03-05 04:35:46.010,12396,0
648,2021-03-06,2021-03-06 04:37:33.500,15374,0
649,2021-03-07,2021-03-07 04:39:34.063,20620,0
650,2021-03-08,2021-03-08 04:41:27.627,25895,0
651,2021-03-09,2021-03-09 04:34:33.880,10056,0
652,2021-03-10,2021-03-10 04:33:57.190,9025,0
653,2021-03-11,2021-03-11 04:35:43.593,13037,0
654,2021-03-12,2021-03-12 04:35:31.640,12013,0
655,2021-03-13,2021-03-13 04:35:32.480,11849,0
656,2021-03-13,2021-03-13 21:39:56.983,114977,1
657,2021-03-13,2021-03-13 21:40:13.943,115278,1
658,2021-03-13,2021-03-13 21:40:14.413,111829,1
659,2021-03-13,2021-03-13 21:40:15.757,94664,1
660,2021-03-13,2021-03-13 21:42:56.793,31,1
661,2021-03-13,2021-03-13 21:42:56.793,31,1
662,2021-03-14,2021-03-14 04:30:06.977,13,0
663,2021-03-15,2021-03-15 04:30:07.047,33,0
664,2021-03-16,2021-03-16 04:30:07.723,39,0
665,2021-03-16,2021-03-16 20:03:53.570,73642,1
666,2021-03-17,2021-03-17 04:30:06.917,8,0
667,2021-03-18,2021-03-18 04:30:07.720,39,0
668,2021-03-19,2021-03-19 04:30:07.580,54,0
669,2021-03-20,2021-03-20 04:30:06.837,41,0
670,2021-03-21,2021-03-21 03:27:41.847,70814,1
671,2021-03-21,2021-03-21 04:30:06.470,9,0
672,2021-03-22,2021-03-22 04:30:07.080,28,0
673,2021-03-23,2021-03-23 04:30:08.023,49,0
674,2021-03-23,2021-03-23 20:45:10.890,89284,1
675,2021-03-24,2021-03-24 04:30:06.503,12,0
676,2021-03-25,2021-03-25 04:30:07.233,43,0
677,2021-03-26,2021-03-26 04:30:07.367,39,0
678,2021-03-27,2021-03-27 04:30:08.213,51,0
679,2021-03-28,2021-03-28 04:30:07.063,45,0
680,2021-03-29,2021-03-29 04:50:23.143,46044,0
681,2021-03-30,2021-03-30 04:34:32.207,10373,0
682,2021-03-31,2021-03-31 04:34:57.517,10973,0
683,2021-04-01,2021-04-01 04:36:29.383,13390,0
684,2021-04-02,2021-04-02 04:35:16.983,11697,0
685,2021-04-03,2021-04-03 04:38:33.530,18499,0
686,2021-04-04,2021-04-04 04:38:19.400,18755,0
687,2021-04-05,2021-04-05 04:37:40.197,17458,0
688,2021-04-06,2021-04-06 04:34:38.883,10586,0
689,2021-04-07,2021-04-07 04:35:16.450,11777,0
690,2021-04-08,2021-04-08 04:35:03.090,10991,0
691,2021-04-09,2021-04-09 04:35:04.433,10519,0
692,2021-04-10,2021-04-10 04:35:09.000,11486,0
693,2021-04-11,2021-04-11 04:50:06.450,44931,0
694,2021-04-12,2021-04-12 04:36:14.710,13843,0
695,2021-04-13,2021-04-13 04:34:10.950,9354,0
696,2021-04-14,2021-04-14 04:33:34.680,7964,0
697,2021-04-15,2021-04-15 04:34:48.173,10585,0
698,2021-04-16,2021-04-16 04:34:12.677,9274,0
699,2021-04-17,2021-04-17 04:35:25.007,11719,0
700,2021-04-18,2021-04-18 04:39:26.107,21346,0
701,2021-04-19,2021-04-19 04:51:13.807,48413,0
702,2021-04-20,2021-04-20 04:33:30.573,7842,0
703,2021-04-21,2021-04-21 04:33:12.840,7237,0
704,2021-04-22,2021-04-22 04:36:21.247,14572,0
705,2021-04-23,2021-04-23 04:33:49.070,8565,0
706,2021-04-24,2021-04-24 04:33:36.473,7750,0
707,2021-04-25,2021-04-25 04:45:00.600,34182,0
708,2021-04-26,2021-04-26 04:44:05.477,32440,0
709,2021-04-27,2021-04-27 04:33:05.217,6788,0
710,2021-04-28,2021-04-28 04:36:44.757,15303,0
711,2021-04-29,2021-04-29 04:36:01.250,13586,0
712,2021-04-30,2021-04-30 04:34:49.273,10696,0
713,2021-05-01,2021-05-01 04:43:21.670,30306,0
714,2021-05-02,2021-05-02 04:38:52.043,19481,0
715,2021-05-03,2021-05-03 04:45:44.200,36035,0
716,2021-05-04,2021-05-04 04:34:58.770,10971,0
717,2021-05-05,2021-05-05 04:33:32.503,7957,0
718,2021-05-06,2021-05-06 04:33:27.813,7710,0
719,2021-05-07,2021-05-07 04:34:39.560,10429,0
720,2021-05-08,2021-05-08 04:36:04.730,13504,0
721,2021-05-09,2021-05-09 04:39:06.883,20616,0
722,2021-05-10,2021-05-10 04:41:27.420,26087,0
723,2021-05-11,2021-05-11 04:34:24.820,9958,0
724,2021-05-12,2021-05-12 04:33:41.277,8358,0
725,2021-05-13,2021-05-13 04:33:37.897,8160,0
726,2021-05-14,2021-05-14 04:34:25.343,9849,0
727,2021-05-15,2021-05-15 04:34:29.610,9969,0
728,2021-05-16,2021-05-16 04:38:31.143,19301,0
729,2021-05-17,2021-05-17 04:38:51.060,20192,0
730,2021-05-18,2021-05-18 04:33:56.040,8999,0
731,2021-05-19,2021-05-19 04:33:51.680,8604,0
732,2021-05-20,2021-05-20 04:33:56.143,9109,0
733,2021-05-21,2021-05-21 04:33:41.590,8309,0
734,2021-05-22,2021-05-22 04:35:11.080,11586,0
735,2021-05-23,2021-05-23 04:46:03.093,36897,0
736,2021-05-24,2021-05-24 04:39:53.600,22656,0
737,2021-05-25,2021-05-25 04:36:06.600,13467,0
738,2021-05-26,2021-05-26 04:34:40.677,10670,0
739,2021-05-27,2021-05-27 04:34:13.247,9503,0
740,2021-05-28,2021-05-28 04:35:32.257,12874,0
741,2021-05-29,2021-05-29 04:35:44.040,12747,0
742,2021-05-30,2021-05-30 04:35:03.377,11149,0
743,2021-05-31,2021-05-31 04:42:23.103,27744,0
744,2021-06-01,2021-06-01 04:37:07.843,15712,0
745,2021-06-02,2021-06-02 04:34:13.580,9196,0
746,2021-06-03,2021-06-03 04:33:55.473,8692,0
747,2021-06-04,2021-06-04 04:38:51.090,19156,0
748,2021-06-05,2021-06-05 04:34:43.923,10699,0
749,2021-06-06,2021-06-06 04:35:48.000,12812,0
750,2021-06-07,2021-06-07 04:34:56.807,10901,0
751,2021-06-08,2021-06-08 04:34:15.860,9601,0
752,2021-06-09,2021-06-09 04:34:06.603,8972,0
753,2021-06-10,2021-06-10 04:34:23.370,9712,0
754,2021-06-11,2021-06-11 04:34:28.603,10030,0
755,2021-06-12,2021-06-12 04:34:38.103,10264,0
756,2021-06-13,2021-06-13 04:35:20.797,11794,0
757,2021-06-14,2021-06-14 04:35:04.070,11435,0
758,2021-06-15,2021-06-15 04:34:53.457,10851,0
759,2021-06-16,2021-06-16 04:34:30.713,10051,0
760,2021-06-17,2021-06-17 04:34:25.290,9708,0
761,2021-06-18,2021-06-18 04:34:42.687,10480,0
762,2021-06-19,2021-06-19 04:36:46.063,14670,0
763,2021-06-20,2021-06-20 04:36:32.673,14407,0
764,2021-06-21,2021-06-21 04:35:16.090,11608,0
765,2021-06-22,2021-06-22 04:33:59.997,8808,0
766,2021-06-23,2021-06-23 04:35:13.963,11639,0
767,2021-06-24,2021-06-24 04:34:19.827,9636,0
768,2021-06-25,2021-06-25 04:34:08.123,9350,0
769,2021-06-26,2021-06-26 04:35:09.350,11791,0
770,2021-06-27,2021-06-27 04:34:02.053,9335,0
771,2021-06-28,2021-06-28 04:34:48.847,10975,0
772,2021-06-29,2021-06-29 04:33:53.807,8830,0
773,2021-06-30,2021-06-30 04:35:53.617,13230,0
774,2021-06-30,2021-06-30 16:05:49.593,109894,1
775,2021-07-01,2021-07-01 04:30:44.900,1455,0
776,2021-07-02,2021-07-02 04:30:08.087,85,0
777,2021-07-03,2021-07-03 04:30:08.783,107,0
778,2021-07-04,2021-07-04 04:30:10.937,156,0
779,2021-07-05,2021-07-05 04:30:04.780,0,0
780,2021-07-05,2021-07-05 10:44:40.700,0,1
781,2021-07-05,2021-07-05 18:47:15.077,131955,1
782,2021-07-06,2021-07-06 04:30:07.673,14,0
783,2021-07-07,2021-07-07 04:30:07.953,32,0
784,2021-07-08,2021-07-08 04:30:07.873,45,0
785,2021-07-09,2021-07-09 04:30:07.267,30,0
786,2021-07-10,2021-07-10 04:30:08.803,38,0
787,2021-07-10,2021-07-10 15:25:55.623,173794,1
788,2021-07-10,2021-07-10 15:26:24.513,177237,1
789,2021-07-11,2021-07-11 04:30:08.007,19,0
790,2021-07-12,2021-07-12 04:30:06.890,27,0
791,2021-07-13,2021-07-13 04:30:06.547,26,0
792,2021-07-14,2021-07-14 04:30:07.027,36,0
793,2021-07-15,2021-07-15 04:30:07.680,20,0
794,2021-07-16,2021-07-16 04:44:30.443,32194,0
795,2021-07-17,2021-07-17 04:47:21.270,39003,0
796,2021-07-18,2021-07-18 04:55:08.357,56844,0
797,2021-07-20,2021-07-20 04:38:42.650,19482,0
798,2021-07-21,2021-07-21 04:35:03.587,11515,0
799,2021-07-22,2021-07-22 04:35:26.617,12390,0
800,2021-07-23,2021-07-23 04:36:09.750,12729,0
801,2021-07-24,2021-07-24 04:35:23.960,12081,0
802,2021-07-25,2021-07-25 04:38:28.887,18970,0
803,2021-07-26,2021-07-26 04:36:41.400,13785,0
804,2021-07-27,2021-07-27 04:36:26.330,13754,0
805,2021-07-28,2021-07-28 04:36:01.003,13091,0
806,2021-07-29,2021-07-29 04:36:14.710,12903,0
807,2021-07-30,2021-07-30 04:35:19.913,11679,0
808,2021-07-31,2021-07-31 04:36:16.607,13055,0
809,2021-08-01,2021-08-01 04:40:11.643,22106,0
810,2021-08-02,2021-08-02 04:41:16.787,24288,0
811,2021-08-03,2021-08-03 04:35:28.833,12118,0
812,2021-08-04,2021-08-04 04:36:02.327,13777,0
813,2021-08-05,2021-08-05 04:35:58.240,13522,0
814,2021-08-06,2021-08-06 04:36:29.153,14926,0
815,2021-08-07,2021-08-07 04:36:54.917,16133,0
816,2021-08-08,2021-08-08 04:37:47.343,17775,0
817,2021-08-09,2021-08-09 04:37:14.420,16458,0
818,2021-08-10,2021-08-10 04:42:21.693,28596,0
819,2021-08-11,2021-08-11 04:35:51.050,12783,0
820,2021-08-12,2021-08-12 04:41:06.670,24893,0
821,2021-08-13,2021-08-13 04:35:19.890,11973,0
822,2021-08-14,2021-08-14 04:34:41.903,10636,0
823,2021-08-15,2021-08-15 04:35:24.990,12185,0
824,2021-08-16,2021-08-16 04:35:58.230,13400,0
825,2021-08-17,2021-08-17 04:35:41.040,12567,0
826,2021-08-18,2021-08-18 04:37:09.123,15955,0
827,2021-08-19,2021-08-19 04:40:55.197,24582,0
828,2021-08-20,2021-08-20 04:40:24.233,23566,0
829,2021-08-21,2021-08-21 04:35:54.967,13249,0
830,2021-08-22,2021-08-22 04:37:29.823,16668,0
831,2021-08-23,2021-08-23 04:37:19.953,16332,0
832,2021-08-24,2021-08-24 04:36:14.933,14261,0
833,2021-08-25,2021-08-25 04:36:25.110,14754,0
834,2021-08-26,2021-08-26 04:38:13.040,18728,0
835,2021-08-27,2021-08-27 04:35:42.870,12833,0
836,2021-08-28,2021-08-28 04:35:51.380,13256,0
837,2021-08-29,2021-08-29 04:39:24.963,21934,0
838,2021-08-30,2021-08-30 04:36:31.590,14765,0
839,2021-08-31,2021-08-31 04:35:13.573,11767,0
840,2021-09-01,2021-09-01 04:50:40.477,47931,0
841,2021-09-02,2021-09-02 04:37:05.257,15678,0
842,2021-09-03,2021-09-03 04:36:27.510,15108,0
843,2021-09-04,2021-09-04 04:34:55.690,11492,0
844,2021-09-05,2021-09-05 04:35:06.283,11673,0
845,2021-09-06,2021-09-06 04:34:38.953,10731,0
846,2021-09-07,2021-09-07 04:34:00.913,9096,0
847,2021-09-08,2021-09-08 04:33:47.860,8460,0
848,2021-09-09,2021-09-09 04:33:34.933,8193,0
849,2021-09-10,2021-09-10 04:56:18.523,62766,0
850,2021-09-11,2021-09-11 04:42:35.590,29341,0
851,2021-09-12,2021-09-12 04:38:17.480,18991,0
852,2021-09-13,2021-09-13 04:38:43.510,19485,0
853,2021-09-14,2021-09-14 04:37:17.767,16346,0
854,2021-09-15,2021-09-15 04:56:24.513,62357,0
855,2021-09-16,2021-09-16 04:37:38.400,17216,0
856,2021-09-17,2021-09-17 04:34:01.753,8970,0
857,2021-09-18,2021-09-18 04:33:36.957,8131,0
858,2021-09-19,2021-09-19 04:35:05.047,11494,0
859,2021-09-20,2021-09-20 04:34:06.707,9327,0
860,2021-09-21,2021-09-21 04:34:17.793,9723,0
861,2021-09-22,2021-09-22 04:43:37.520,31688,0
862,2021-09-23,2021-09-23 04:44:10.993,32841,0
863,2021-09-24,2021-09-24 04:36:34.937,14562,0
864,2021-09-25,2021-09-25 04:33:39.130,8264,0
865,2021-09-26,2021-09-26 04:34:52.297,10872,0
866,2021-09-27,2021-09-27 04:33:24.030,7478,0
867,2021-09-28,2021-09-28 04:33:10.947,6850,0
868,2021-09-29,2021-09-29 04:33:11.593,6222,0
869,2021-09-30,2021-09-30 04:33:28.357,7675,0
870,2021-10-01,2021-10-01 04:34:28.380,10153,0
871,2021-10-02,2021-10-02 04:34:30.373,9824,0
872,2021-10-03,2021-10-03 04:35:26.777,12191,0
873,2021-10-04,2021-10-04 04:35:26.420,12214,0
874,2021-10-05,2021-10-05 04:32:47.860,5258,0
875,2021-10-06,2021-10-06 04:39:06.987,20705,0
876,2021-10-07,2021-10-07 04:43:05.033,29115,0
877,2021-10-08,2021-10-08 04:33:12.123,7130,0
878,2021-10-09,2021-10-09 04:34:45.240,10960,0
879,2021-10-10,2021-10-10 04:36:14.140,14075,0
880,2021-10-11,2021-10-11 04:33:38.960,8303,0
881,2021-10-12,2021-10-12 04:32:25.450,5041,0
882,2021-10-13,2021-10-13 04:32:57.277,5781,0
883,2021-10-14,2021-10-14 04:32:39.727,5257,0
884,2021-10-15,2021-10-15 04:43:39.047,31543,0
885,2021-10-16,2021-10-16 04:33:23.210,6492,0
886,2021-10-17,2021-10-17 04:34:42.697,10745,0
887,2021-10-18,2021-10-18 04:35:33.037,12258,0
888,2021-10-19,2021-10-19 04:33:58.423,8839,0
889,2021-10-20,2021-10-20 04:47:02.880,38842,0
890,2021-10-21,2021-10-21 04:33:48.247,8463,0
891,2021-10-22,2021-10-22 04:33:46.977,7585,0
892,2021-10-23,2021-10-23 04:34:08.550,9443,0
893,2021-10-24,2021-10-24 04:35:12.380,11903,0
894,2021-10-25,2021-10-25 04:35:19.850,12222,0
895,2021-10-26,2021-10-26 04:32:35.607,5036,0
896,2021-10-27,2021-10-27 04:37:46.110,17340,0
897,2021-10-28,2021-10-28 04:42:30.007,27916,0
898,2021-10-29,2021-10-29 04:38:13.777,17778,0
899,2021-10-30,2021-10-30 04:33:04.750,6017,0
900,2021-10-31,2021-10-31 04:33:11.943,7183,0
901,2021-11-01,2021-11-01 04:33:31.013,6658,0
902,2021-11-02,2021-11-02 04:32:17.483,4338,0
903,2021-11-03,2021-11-03 04:33:04.000,4712,0
904,2021-11-04,2021-11-04 04:32:42.317,4483,0
905,2021-11-05,2021-11-05 04:33:47.513,7565,0
906,2021-11-06,2021-11-06 04:33:14.770,6252,0
907,2021-11-07,2021-11-07 04:33:20.817,6762,0
908,2021-11-08,2021-11-08 04:33:55.960,8005,0
909,2021-11-09,2021-11-09 04:32:22.943,4583,0
910,2021-11-10,2021-11-10 04:40:18.820,22713,0
911,2021-11-11,2021-11-11 04:38:25.580,18049,0
912,2021-11-12,2021-11-12 04:33:07.923,6048,0
913,2021-11-13,2021-11-13 04:33:01.097,6615,0
914,2021-11-14,2021-11-14 04:33:02.647,6818,0
915,2021-11-15,2021-11-15 04:33:07.510,6108,0
916,2021-11-16,2021-11-16 04:32:20.767,4432,0
917,2021-11-17,2021-11-17 04:32:02.933,4165,0
918,2021-11-18,2021-11-18 04:32:06.530,4019,0
919,2021-11-20,2021-11-20 04:32:31.270,4831,0
920,2021-11-21,2021-11-21 04:33:38.430,7075,0
921,2021-11-22,2021-11-22 04:33:12.813,6396,0
922,2021-11-23,2021-11-23 04:32:51.900,5581,0
923,2021-11-24,2021-11-24 04:47:49.053,38038,0
924,2021-11-25,2021-11-25 04:33:19.857,5635,0
925,2021-11-26,2021-11-26 04:33:15.450,5784,0
926,2021-11-27,2021-11-27 04:33:18.543,7433,0
927,2021-11-28,2021-11-28 04:34:03.640,9058,0
928,2021-11-29,2021-11-29 04:33:23.750,6619,0
929,2021-11-30,2021-11-30 04:32:54.247,5357,0
930,2021-12-01,2021-12-01 04:38:48.080,19650,0
931,2021-12-02,2021-12-02 04:38:45.470,19766,0
932,2021-12-03,2021-12-03 04:34:42.833,9869,0
933,2021-12-04,2021-12-04 04:33:10.613,5607,0
934,2021-12-05,2021-12-05 04:33:34.280,6825,0
935,2021-12-06,2021-12-06 04:34:10.177,8271,0
936,2021-12-07,2021-12-07 04:33:52.047,7451,0
937,2021-12-08,2021-12-08 04:34:55.140,8899,0
938,2021-12-09,2021-12-09 04:33:03.647,5012,0
939,2021-12-10,2021-12-10 04:32:29.003,4502,0
940,2021-12-11,2021-12-11 04:32:30.470,5069,0
941,2021-12-12,2021-12-12 04:33:22.153,6552,0
942,2021-12-13,2021-12-13 04:32:32.780,5038,0
943,2021-12-14,2021-12-14 04:31:49.990,3631,0
944,2021-12-15,2021-12-15 04:35:21.377,12006,0
945,2021-12-16,2021-12-16 04:37:23.217,16423,0
946,2021-12-17,2021-12-17 04:33:39.720,7480,0
947,2021-12-18,2021-12-18 04:32:22.197,4959,0
948,2021-12-19,2021-12-19 04:37:55.077,17234,0
949,2021-12-20,2021-12-20 04:33:52.280,8061,0
950,2021-12-21,2021-12-21 04:36:14.350,13546,0
951,2021-12-22,2021-12-22 04:32:16.790,4785,0
952,2021-12-23,2021-12-23 04:39:23.323,21239,0
953,2021-12-24,2021-12-24 04:32:31.460,4978,0
954,2021-12-25,2021-12-25 04:32:36.157,5202,0
955,2021-12-26,2021-12-26 04:42:47.063,29246,0
956,2021-12-27,2021-12-27 04:35:44.993,12359,0
957,2021-12-28,2021-12-28 04:32:31.213,4944,0
958,2021-12-29,2021-12-29 04:32:39.537,5169,0
959,2021-12-30,2021-12-30 04:32:25.357,4790,0
960,2021-12-31,2021-12-31 04:32:32.723,4712,0
961,2022-01-01,2022-01-01 04:33:25.263,7400,0
962,2022-01-02,2022-01-02 04:40:11.540,23154,0
963,2022-01-03,2022-01-03 04:33:43.227,7964,0
964,2022-01-04,2022-01-04 04:33:05.453,6017,0
965,2022-01-05,2022-01-05 04:33:10.527,6166,0
966,2022-01-06,2022-01-06 04:32:20.833,4515,0
967,2022-01-07,2022-01-07 04:33:07.413,5961,0
968,2022-01-08,2022-01-08 04:42:44.293,29408,0
969,2022-01-09,2022-01-09 04:40:20.220,24328,0
970,2022-01-10,2022-01-10 04:37:41.270,17908,0
971,2022-01-11,2022-01-11 04:32:32.500,4695,0
972,2022-01-12,2022-01-12 04:32:06.323,3751,0
973,2022-01-13,2022-01-13 04:37:54.590,17932,0
974,2022-01-14,2022-01-14 04:31:57.940,4157,0
975,2022-01-15,2022-01-15 04:32:14.537,4825,0
976,2022-01-16,2022-01-16 04:42:58.320,29854,0
977,2022-01-17,2022-01-17 04:44:01.350,32249,0
978,2022-01-18,2022-01-18 04:32:50.600,6205,0
979,2022-01-19,2022-01-19 04:31:59.850,4574,0
980,2022-01-20,2022-01-20 04:38:20.923,19455,0
981,2022-01-21,2022-01-21 04:32:06.603,4532,0
982,2022-01-22,2022-01-22 04:32:25.107,5057,0
983,2022-01-23,2022-01-23 04:38:00.320,18575,0
984,2022-01-24,2022-01-24 04:32:57.110,6115,0
985,2022-01-24,2022-01-24 22:38:07.970,81956,1
986,2022-01-25,2022-01-25 04:30:16.113,2,0
987,2022-01-26,2022-01-26 04:30:13.033,62,0
988,2022-01-27,2022-01-27 04:30:12.583,15,0
989,2022-01-28,2022-01-28 04:30:18.333,17,0
990,2022-01-29,2022-01-29 04:30:17.270,22,0
991,2022-01-30,2022-01-30 04:30:43.850,1091,0
992,2022-01-31,2022-01-31 04:33:16.000,7026,0
993,2022-02-01,2022-02-01 04:38:24.300,18960,0
994,2022-02-01,2022-02-01 19:49:19.640,73432,1
995,2022-02-02,2022-02-02 04:30:10.567,2,0
996,2022-02-03,2022-02-03 04:30:12.103,5,0
997,2022-02-03,2022-02-03 22:34:18.490,11036,1
998,2022-02-04,2022-02-04 04:30:10.047,4,0
999,2022-02-05,2022-02-05 04:30:17.013,2,0
1000,2022-02-06,2022-02-06 04:30:16.077,8,0
1001,2022-02-06,2022-02-06 08:50:56.283,21598,1
1002,2022-02-07,2022-02-07 04:30:16.813,3,0
1003,2022-02-08,2022-02-08 04:30:17.663,8,0
1004,2022-02-09,2022-02-09 04:30:17.647,12,0
1005,2022-02-09,2022-02-09 22:38:06.930,83822,1
1006,2022-02-10,2022-02-10 04:30:12.487,2,0
1007,2022-02-11,2022-02-11 04:30:10.217,14,0
1008,2022-02-12,2022-02-12 04:30:16.037,23,0
1009,2022-02-13,2022-02-13 04:30:11.287,16,0
1010,2022-02-14,2022-02-14 04:30:16.157,8,0
1011,2022-02-15,2022-02-15 04:30:30.647,511,0
1012,2022-02-16,2022-02-16 04:33:10.970,5954,0
1013,2022-02-17,2022-02-17 04:37:52.387,15986,0
1014,2022-02-18,2022-02-18 01:04:03.673,37666,1
1015,2022-02-18,2022-02-18 04:30:17.290,3,0
1016,2022-02-19,2022-02-19 04:30:10.033,16,0
1017,2022-02-20,2022-02-20 00:12:28.287,19864,1
1018,2022-02-20,2022-02-20 04:30:13.733,2,0
1019,2022-02-21,2022-02-21 04:30:17.887,8,0
1020,2022-02-22,2022-02-22 04:30:16.800,16,0
1021,2022-02-22,2022-02-22 19:32:09.037,31133,1
1022,2022-02-23,2022-02-23 04:30:13.330,4,0
1023,2022-02-24,2022-02-24 04:30:13.697,16,0
1024,2022-02-24,2022-02-24 17:19:11.820,7462,1
1025,2022-02-24,2022-02-24 20:01:50.823,-65,1
1026,2022-02-25,2022-02-25 04:30:11.423,0,0
1027,2022-02-25,2022-02-25 19:43:42.567,7339,1
1028,2022-02-26,2022-02-26 04:30:19.947,3,0
1029,2022-02-26,2022-02-26 19:49:18.887,1074,1
1030,2022-02-26,2022-02-26 19:49:18.887,688,1
1031,2022-02-27,2022-02-27 04:30:23.010,1,0
1032,2022-02-28,2022-02-28 04:30:18.000,11,0
1033,2022-02-28,2022-02-28 16:34:56.110,17645,1
1034,2022-03-01,2022-03-01 04:30:34.797,876,0
1035,2022-03-02,2022-03-02 04:30:14.217,57,0
1036,2022-03-03,2022-03-03 04:30:18.580,49,0
1037,2022-03-04,2022-03-04 04:30:20.233,76,0
1038,2022-03-05,2022-03-05 04:30:14.433,43,0
1039,2022-03-05,2022-03-05 06:22:50.137,65888,1
1040,2022-03-06,2022-03-06 04:30:10.543,18,0
1041,2022-03-07,2022-03-07 04:30:20.397,17,0
1042,2022-03-08,2022-03-08 04:30:19.840,25,0
1043,2022-03-09,2022-03-09 04:30:18.717,21,0
1044,2022-03-10,2022-03-10 04:30:12.410,27,0
1045,2022-03-11,2022-03-11 04:31:22.020,2875,0
1046,2022-03-12,2022-03-12 04:31:28.147,2765,0
1047,2022-03-13,2022-03-13 04:32:27.020,4999,0
1048,2022-03-14,2022-03-14 04:31:33.770,3272,0
1049,2022-03-15,2022-03-15 04:31:28.660,2914,0
1050,2022-03-16,2022-03-16 04:33:16.270,6287,0
1051,2022-03-17,2022-03-17 04:34:09.417,7619,0
1052,2022-03-18,2022-03-18 04:32:34.803,5146,0
1053,2022-03-19,2022-03-19 04:31:58.120,3792,0
1054,2022-03-20,2022-03-20 04:31:41.010,3233,0
1055,2022-03-20,2022-03-20 21:47:12.290,24742,1
1056,2022-03-21,2022-03-21 04:30:19.157,1,0
1057,2022-03-22,2022-03-22 04:30:17.197,25,0
1058,2022-03-23,2022-03-23 04:30:17.453,27,0
1059,2022-03-24,2022-03-24 04:30:14.030,19,0
1060,2022-03-24,2022-03-24 20:50:48.577,48714,1
1061,2022-03-25,2022-03-25 04:30:12.187,2,0
1062,2022-03-26,2022-03-26 04:30:11.580,21,0
1063,2022-03-26,2022-03-26 20:41:01.500,2582,1
1064,2022-03-27,2022-03-27 04:30:11.697,1,0
1065,2022-03-28,2022-03-28 04:30:13.160,11,0
1066,2022-03-29,2022-03-29 04:30:16.283,19,0
1067,2022-03-30,2022-03-30 04:30:14.237,18,0
1068,2022-03-30,2022-03-30 09:02:15.537,21126,1
1069,2022-03-31,2022-03-31 04:30:15.320,22,0
1070,2022-04-01,2022-04-01 04:30:42.257,1163,0
1071,2022-04-02,2022-04-02 04:30:18.037,48,0
1072,2022-04-03,2022-04-03 00:30:33.897,52770,1
1073,2022-04-03,2022-04-03 04:30:12.383,3,0
1074,2022-04-04,2022-04-04 04:30:14.557,10,0
1075,2022-04-05,2022-04-05 04:30:12.697,17,0
1076,2022-04-06,2022-04-06 04:30:12.860,20,0
1077,2022-04-07,2022-04-07 04:30:12.843,26,0
1078,2022-04-08,2022-04-08 04:30:16.930,148,0
1079,2022-04-09,2022-04-09 04:31:13.600,2315,0
1080,2022-04-10,2022-04-10 04:31:38.800,3366,0
1081,2022-04-11,2022-04-11 04:31:07.083,2138,0
1082,2022-04-12,2022-04-12 04:31:53.913,4086,0
1083,2022-04-13,2022-04-13 04:32:06.880,4242,0
1084,2022-04-14,2022-04-14 04:32:08.970,4719,0
1085,2022-04-15,2022-04-15 04:31:47.200,3554,0
1086,2022-04-16,2022-04-16 04:31:27.117,3172,0
1087,2022-04-16,2022-04-16 18:24:14.173,16252,1
1088,2022-04-16,2022-04-16 21:31:51.640,41,1
1089,2022-04-16,2022-04-16 22:51:42.143,2,1
1090,2022-04-17,2022-04-17 02:22:32.887,151122,1
1091,2022-04-17,2022-04-17 04:44:35.563,30741,0
1092,2022-04-18,2022-04-18 04:30:19.017,107,0
1093,2022-04-19,2022-04-19 04:30:18.993,132,0
1094,2022-04-20,2022-04-20 04:30:29.910,69,0
1095,2022-04-21,2022-04-21 04:30:21.723,72,0
1096,2022-04-22,2022-04-22 04:30:47.707,1228,0
1097,2022-04-23,2022-04-23 04:32:08.917,4340,0
1098,2022-04-24,2022-04-24 04:50:41.410,45783,0
1099,2022-04-25,2022-04-25 04:36:39.783,15215,0
1100,2022-04-26,2022-04-26 04:32:21.450,5119,0
1101,2022-04-27,2022-04-27 04:38:56.470,22258,0
1102,2022-05-10,2022-05-10 05:17:08.590,107820,0
1103,2022-05-11,2022-05-11 04:33:03.560,6095,0
1104,2022-05-12,2022-05-12 04:36:17.787,13886,0
1105,2022-05-13,2022-05-13 04:32:06.970,4321,0
1106,2022-05-14,2022-05-14 04:33:47.297,7970,0
1107,2022-05-15,2022-05-15 04:32:04.547,4082,0
1108,2022-05-16,2022-05-16 04:31:34.807,2964,0
1109,2022-05-17,2022-05-17 04:31:39.077,3107,0
1110,2022-05-18,2022-05-18 04:34:58.307,10484,0
1111,2022-05-19,2022-05-19 04:36:29.493,14397,0
1112,2022-05-20,2022-05-20 04:32:03.330,4226,0
1113,2022-05-21,2022-05-21 04:36:43.133,15167,0
1114,2022-05-22,2022-05-22 04:40:54.030,25007,0
1115,2022-05-23,2022-05-23 04:33:30.313,7636,0
1116,2022-05-24,2022-05-24 04:32:21.003,4845,0
1117,2022-05-25,2022-05-25 04:33:33.073,7481,0
1118,2022-05-26,2022-05-26 04:33:28.390,6882,0
1119,2022-05-27,2022-05-27 04:51:35.693,49033,0
1120,2022-05-28,2022-05-28 04:36:26.347,13900,0
1121,2022-06-01,2022-06-01 04:46:29.570,37171,0
1122,2022-06-02,2022-06-02 04:32:03.427,4515,0
1123,2022-06-03,2022-06-03 04:30:56.310,1740,0
1124,2022-06-04,2022-06-04 04:31:49.153,3661,0
1125,2022-06-05,2022-06-05 04:55:35.023,58788,0
1126,2022-06-06,2022-06-06 04:31:28.527,3101,0
1127,2022-06-07,2022-06-07 04:30:52.890,1604,0
1128,2022-06-08,2022-06-08 04:30:52.667,1588,0
1129,2022-06-09,2022-06-09 04:37:36.647,17153,0
1130,2022-06-10,2022-06-10 04:43:40.550,31826,0
1131,2022-06-11,2022-06-11 04:39:05.223,20699,0
1132,2022-06-12,2022-06-12 04:36:13.520,13678,0
1133,2022-06-13,2022-06-13 04:52:27.153,52231,0
1134,2022-06-14,2022-06-14 04:31:58.677,4155,0
1135,2022-06-15,2022-06-15 04:34:39.463,10151,0
1136,2022-06-16,2022-06-16 04:33:25.033,7334,0
1137,2022-06-17,2022-06-17 04:34:14.607,9160,0
1138,2022-06-18,2022-06-18 04:34:39.340,10767,0
1139,2022-06-19,2022-06-19 04:31:49.810,3829,0
1140,2022-06-20,2022-06-20 04:45:26.843,35355,0
1141,2022-06-21,2022-06-21 04:32:23.000,4673,0
1142,2022-06-22,2022-06-22 04:31:47.720,3665,0
1143,2022-06-23,2022-06-23 04:41:05.083,24622,0
1144,2022-06-24,2022-06-24 04:31:25.513,2662,0
1145,2022-06-25,2022-06-25 04:31:48.337,3593,0
1146,2022-06-26,2022-06-26 04:32:39.380,5669,0
1147,2022-06-27,2022-06-27 04:31:46.210,3717,0
1148,2022-06-28,2022-06-28 04:31:07.817,2110,0
1149,2022-06-29,2022-06-29 04:31:20.593,2406,0
1150,2022-06-30,2022-06-30 04:31:15.673,2342,0
1151,2022-07-01,2022-07-01 04:32:22.777,4840,0
1152,2022-07-02,2022-07-02 04:38:05.037,18392,0
1153,2022-07-03,2022-07-03 04:33:12.690,7016,0
1154,2022-07-04,2022-07-04 04:32:10.610,4770,0
1155,2022-07-05,2022-07-05 04:34:57.897,11100,0
1156,2022-07-06,2022-07-06 04:31:18.253,2487,0
1157,2022-07-07,2022-07-07 04:31:34.597,3167,0
1158,2022-07-08,2022-07-08 04:39:25.347,21377,0
1159,2022-07-09,2022-07-09 04:33:07.720,6602,0
1160,2022-07-10,2022-07-10 04:44:02.423,32509,0
1161,2022-07-11,2022-07-11 04:31:56.353,4007,0
1162,2022-07-12,2022-07-12 04:33:44.157,8382,0
1163,2022-07-13,2022-07-13 04:32:11.740,4676,0
1164,2022-07-14,2022-07-14 04:35:31.133,12249,0
1165,2022-07-15,2022-07-15 04:31:38.757,3279,0
1166,2022-07-15,2022-07-15 21:23:56.520,78765,1
1167,2022-07-15,2022-07-15 21:24:11.597,79125,1
1168,2022-07-15,2022-07-15 21:24:11.673,79048,1
1169,2022-07-16,2022-07-16 04:30:18.177,31,0
1170,2022-07-17,2022-07-17 04:30:17.140,38,0
1171,2022-07-18,2022-07-18 04:30:17.627,56,0
1172,2022-07-19,2022-07-19 04:30:20.293,67,0
1173,2022-07-20,2022-07-20 04:30:15.743,60,0
1174,2022-07-21,2022-07-21 04:30:48.027,1349,0
1175,2022-07-22,2022-07-22 04:32:19.747,4898,0
1176,2022-07-23,2022-07-23 05:04:30.270,77358,0
1177,2022-07-24,2022-07-24 04:35:40.530,12638,0
1178,2022-07-25,2022-07-25 04:34:51.547,10732,0
1179,2022-07-26,2022-07-26 04:32:47.290,5881,0
1180,2022-07-27,2022-07-27 04:32:07.920,4610,0
1181,2022-07-28,2022-07-28 04:41:05.610,24353,0
1182,2022-07-29,2022-07-29 04:36:52.780,15161,0
1183,2022-07-30,2022-07-30 04:34:46.277,10335,0
1184,2022-07-31,2022-07-31 04:34:22.690,9318,0
1185,2022-08-01,2022-08-01 04:36:11.760,13198,0
1186,2022-08-02,2022-08-02 04:31:50.683,3781,0
1187,2022-08-03,2022-08-03 04:31:54.820,4123,0
1188,2022-08-04,2022-08-04 04:30:42.823,1157,0
1189,2022-08-05,2022-08-05 04:31:46.033,3676,0
1190,2022-08-06,2022-08-06 04:33:01.123,6665,0
1191,2022-08-07,2022-08-07 04:45:37.310,35385,0
1192,2022-08-08,2022-08-08 04:34:21.690,9361,0
1193,2022-08-09,2022-08-09 04:31:11.810,2430,0
1194,2022-08-10,2022-08-10 04:31:12.650,2350,0
1195,2022-08-11,2022-08-11 04:31:06.557,2251,0
1196,2022-08-12,2022-08-12 04:31:45.500,3865,0
1197,2022-08-13,2022-08-13 04:32:52.740,6075,0
1198,2022-08-14,2022-08-14 04:41:51.497,26791,0
1199,2022-08-15,2022-08-15 04:30:38.477,1050,0
1200,2022-08-16,2022-08-16 04:30:37.763,942,0
1201,2022-08-17,2022-08-17 04:32:37.797,5249,0
1202,2022-08-18,2022-08-18 04:44:40.237,32951,0
1203,2022-08-19,2022-08-19 04:31:46.460,3656,0
1204,2022-08-20,2022-08-20 04:31:11.143,2194,0
1205,2022-08-21,2022-08-21 04:31:57.430,4147,0
1206,2022-08-22,2022-08-22 04:32:04.520,4139,0
1207,2022-08-23,2022-08-23 04:30:48.210,1235,0
1208,2022-08-24,2022-08-24 04:30:47.660,1246,0
1209,2022-08-25,2022-08-25 04:32:27.103,5096,0
1210,2022-08-26,2022-08-26 04:32:22.220,5111,0
